,0
gostei,154
comprei,1304
gato,5
compro,125
internet,37
entrega,1007
ocorre,6
antes,129
prazo,682
combinado,19
acredito,26
ximo,24
stark,128
esgotou,6
ainda,1063
recebi,2637
produto,4696
nada,439
chegar,140
pedido,631
somente,210
controle,59
midea,2
faltou,58
remoto,12
condicionado,6
chegou,884
estipulado,12
causou,3
transtorno,27
viagem,5
rias,51
filho,13
baseado,3
moro,11
sozinho,3
agora,620
casa,115
est,456
vazia,8
inferior,67
mal,59
acabado,6
pedi,220
reembolso,66
resposta,285
momento,315
balde,7
montar,9
cada,42
entregue,1047
vendido,29
targaryen,148
tapete,58
eva,3
crian,23
tres,17
pacotes,13
cinco,12
folhas,3
papel,28
transfer,3
tecido,34
escuro,7
funciona,92
faz,94
apenas,435
nota,294
garantia,15
constam,14
duas,263
consta,132
sistema,24
pagar,35
caro,41
frete,157
rel,148
gio,137
unissex,4
enviaram,129
feminino,12
bem,130
menor,36
especifica,21
ncio,56
dia,635
fevereiro,13
hoje,232
resid,43
ncia,179
sei,111
correios,268
desse,34
brasil,6
ssimo,132
pria,8
loja,603
demorou,63
postar,3
fiz,286
compra,739
dias,356
precisa,18
melhorar,9
veio,1103
descrevendo,3
ate,188
recebin,11
posso,92
aguardando,339
chegada,15
logo,33
aconte,3
opini,39
dois,400
produtos,397
mandei,77
emails,19
nenhum,143
retorno,257
insatisfeita,70
demora,133
detestei,6
atendimento,87
nunca,180
baratheon,68
mesmos,6
melhor,34
segundo,49
rastreio,34
parado,11
ribeir,4
preto,48
deu,46
defeito,177
vez,163
uso,43
anuncia,7
outro,330
umas,8
problemas,73
faltando,174
pino,4
fixa,16
pido,24
modelo,88
diferente,250
cor,178
capinha,13
per,12
enfim,13
recomendo,249
cancelaram,24
liguei,43
lannister,460
atendentes,4
acontecendo,17
bagun,3
esperando,127
ver,48
vai,93
acabento,2
foto,149
bonito,10
feio,8
todo,69
borrado,2
nao,763
separado,8
data,179
separada,5
ruim,101
passou,101
previstos,3
ler,5
cancelar,99
desde,62
emiss,10
fiscal,213
avisada,8
correio,137
nenhuma,205
cancelamento,136
consigo,165
devolver,138
boa,76
noite,31
lament,31
vel,279
compras,56
satisfa,135
sequer,28
import,3
reais,36
ltima,16
pois,424
fazer,165
comprar,129
demorar,13
tempo,122
entregar,125
estarei,9
procurando,4
direitos,18
contra,9
lojas,127
material,73
ssima,167
qualidade,305
comprados,22
parceiro,56
jamais,11
novamente,23
dessa,66
empresa,229
correndo,3
absurdo,83
quase,94
fizeram,11
player,4
trocando,2
pilha,7
diversas,12
vezes,78
confian,14
entregou,95
colocou,3
rastreamento,47
falsa,4
quero,451
receber,261
pagos,5
boleto,16
instalei,3
cartucho,93
tinta,31
impressora,45
indicou,3
vazio,6
apresentou,9
mensagem,53
erro,37
cima,26
marcador,2
solicitei,130
troca,209
capas,18
couro,9
compradas,13
aguardo,257
devolu,242
dinheiro,280
segunda,58
capa,97
maio,3
usei,11
quebrou,8
peso,8
msg,10
informando,31
obtive,104
obrigado,18
muita,44
unidade,90
inv,20
aparelho,37
questao,2
portanto,20
gostaria,183
saber,235
prevista,30
difere,3
trata,23
solucionado,5
problema,251
satisfeito,11
procedimento,10
assim,111
contato,393
parte,74
conseguindo,19
conforme,90
venda,63
respondeu,23
mochilas,4
natal,37
chegando,7
pinc,10
vieram,74
amassados,4
condiz,23
algumas,15
fotos,21
descri,70
fracos,3
cabem,2
case,7
mostra,21
luxo,2
dizia,22
sobre,172
iguais,26
necessito,6
falar,73
pessoas,10
quina,17
grava,5
corretos,2
tentei,61
realizar,17
cart,105
site,407
realizado,12
devolvi,12
informado,38
postado,17
indicado,4
notifica,10
quanto,52
ter,236
recebemos,42
abrimos,2
reclama,127
tampo,3
mesa,29
amassado,19
batido,2
recebir,11
produtomuito,2
bom,91
pre,46
cobrado,23
urgente,57
tento,22
resolver,99
ningu,168
tudo,73
fazem,20
passar,17
reclamar,29
deram,84
grande,40
conseguiram,6
borracha,11
pvc,3
horrivel,8
titulo,3
sendo,158
previs,64
super,48
insatisfeito,45
volta,155
procon,29
cortina,60
rosa,30
bra,11
entregam,29
toda,53
preta,23
preciso,154
outra,172
boneca,16
compraria,18
conseguimos,4
vcs,86
telefone,68
jogo,60
tabaco,3
vermelho,17
indo,5
mercadoria,202
paguei,283
primeira,92
fatura,20
necessidade,8
infelizmente,88
ultima,9
totalmente,117
pendentes,26
tamb,79
funcionando,24
corretamente,28
vinte,3
informa,147
posi,74
fornecedor,67
enviou,28
correto,49
sabor,8
chocolate,8
enviado,86
chegouainda,4
mandaram,92
mim,57
justificativa,14
encaminhado,9
cidade,26
destino,12
simplesmente,46
posicionamento,22
acontecer,2
ducha,8
desviador,4
pode,40
funcionamento,9
leitura,2
vergonha,20
entregaram,227
cancelei,64
porcaria,23
vendedor,109
escolheu,2
mostrava,5
calend,2
rio,83
dif,24
cil,28
estorno,80
produtocomprei,21
cabo,46
adaptador,5
udio,5
mandou,22
massageador,3
completamente,28
cheio,13
avalia,52
negativas,6
mandando,4
superior,5
errado,221
abri,43
protocolo,10
baixa,35
primeiro,27
virou,3
mercado,10
livre,7
pedidos,43
emitida,36
havia,70
presente,146
igual,32
msm,7
sido,55
desta,36
maximo,2
chegouproduto,4
apresenta,15
risco,13
confi,8
mail,126
efetuei,37
liga,41
errada,57
consegui,58
usar,37
pontualidade,3
cliente,134
mosquiteiro,6
furos,7
pedir,20
king,12
porem,55
sim,30
pagamento,66
unidades,165
acontece,20
avariado,19
visto,13
embalagem,124
fraca,11
buracos,2
fundo,10
panela,5
devido,38
press,5
colocado,4
cancelado,53
dito,37
panelas,10
tipo,49
esp,2
pretos,4
coisa,37
enchimento,3
demais,38
itens,81
dar,71
atrasa,8
entregas,12
produtoboa,3
tarde,45
mosqueteiro,2
tamanho,53
queen,8
rculo,3
pequeno,35
cama,21
casal,14
demorada,15
produtoso,5
recebeu,23
envie,12
varias,26
detector,2
metal,2
podemos,8
orienta,15
pares,4
envio,59
outras,44
antecipado,2
pendente,18
alum,5
nio,9
meia,9
bola,9
medio,2
escovado,2
valor,193
deixando,4
desejar,27
cancela,4
autoriza,4
esgotado,4
entreguerecebi,4
perfume,29
preocupada,5
perfumes,5
quebrado,84
lugar,29
encaixar,5
gil,30
informacao,4
pel,78
cula,71
vidro,36
meses,45
original,152
vendas,4
extremamente,21
entrei,74
ligar,25
falam,4
mandar,29
link,3
direto,8
pra,329
detalhes,8
conta,26
suporte,35
clienten,4
sof,5
varios,4
online,5
entregainfelizmente,3
compensa,5
pouco,27
sica,6
todas,21
inclusive,29
parece,79
contudo,12
som,11
troquei,3
fone,14
ouvido,4
apple,4
bonecas,4
baby,2
junto,35
caixa,150
amassada,16
avaliar,84
mudarei,2
der,5
certo,52
replica,10
digo,41
pago,100
falta,210
respeito,107
consumidor,60
embalado,30
vidros,4
lacre,14
vazando,6
tendo,28
reclamado,3
pior,52
levar,8
correion,2
fiquei,80
revebi,2
espero,111
menos,46
feita,56
acordo,19
promo,11
venderam,14
entregaro,2
bot,13
abrir,40
carro,23
demorando,26
vem,43
querem,15
cobrar,7
nsito,5
cumpriram,11
metade,45
celular,52
aberta,12
remetente,8
anuncio,48
devolucao,9
escova,12
marca,73
ssimos,6
parceira,18
feito,76
neste,14
formul,4
recomendar,17
aguardar,22
gente,10
encomenda,91
voc,108
enviarem,4
semana,47
aceitei,5
envelope,16
dentro,98
puro,3
golpe,4
caso,42
policia,2
buscar,52
esperava,41
sticos,5
mesas,3
col,4
favor,63
deste,28
percebi,13
dimens,4
deixa,20
recomendado,6
responder,22
ocomprei,7
voltagem,21
torto,6
feitas,3
trocar,63
chegaria,9
realiza,4
promete,8
instalado,2
fica,55
instru,16
vale,55
pena,19
jogado,9
maquina,7
urg,30
deve,30
cumpriu,20
passaram,28
gota,2
base,35
qualquer,38
plastico,8
aqui,40
aparece,28
queria,46
atenciosamente,3
demonstrava,2
imagem,35
central,23
tampa,22
ficou,52
pequena,10
propaganda,55
colorido,21
reconhece,7
solicito,63
reclame,11
queixas,2
condi,17
esterilizador,5
vapor,2
microondas,3
philips,6
funcionou,24
confirmando,2
cabos,10
usb,15
macho,2
femea,2
defeitos,19
windows,2
poder,14
recebicomprei,10
len,47
branco,22
stico,53
fico,30
prejuizo,7
entregao,4
comprado,121
fornecido,2
reclamei,30
cabe,19
invertido,2
cont,6
avaria,6
atrav,16
estoque,106
descontado,10
nitro,2
hard,2
duvidas,2
obter,14
atraso,137
diretamente,3
precisei,7
entrar,93
cia,14
sac,17
consegue,15
cartuchos,39
tentando,68
solu,97
sucesso,13
rela,26
retirada,15
aguardado,4
cajamar,3
estraviou,2
protetor,6
porta,21
jogos,23
continuo,20
omeu,2
desacordo,3
vir,15
color,3
informam,5
esperei,22
esperan,5
sabe,18
algum,32
venha,4
resolvido,20
smartphone,2
nesta,17
porque,146
deixar,9
carregando,5
inteiro,3
ouvir,3
hora,45
enquanto,26
carrega,7
desliga,4
onde,63
efetuo,2
reparo,2
certeza,15
receberei,12
simples,28
servi,30
recomendada,4
vista,16
colcha,22
vinha,4
travesseiro,13
ent,33
sera,7
tesoura,11
comprometeu,2
manda,16
email,130
tranquilizar,2
mau,11
urgencia,5
intacto,2
coloquei,12
aspirador,5
tomada,9
conectado,5
embora,17
chateada,37
comigo,38
filha,21
escola,3
mochila,32
toalhas,34
pessima,30
mostrado,9
cerca,5
danificada,11
rachada,3
peda,6
retorna,12
ressarcimento,23
responde,26
envia,10
produtoa,4
via,31
quer,35
oslit,2
bado,8
sexta,5
feira,8
caixinha,6
motivo,57
relogio,26
amiga,2
perder,6
mandam,9
respondem,16
clientes,26
tanto,31
mes,29
oedido,2
conjunto,15
potes,7
cozinha,5
bolas,3
ira,2
navalha,6
kit,129
tesouras,19
fio,14
marcar,2
lista,3
indica,11
venho,20
explicao,2
oferecido,7
forma,38
lojaainda,2
targaryene,3
gina,4
total,59
desrespeito,16
ressarcir,2
produtocomo,2
sinal,24
atrasado,25
enorme,14
esperado,9
desejo,13
devolve,5
vou,229
acionar,7
competente,2
oque,17
filtros,4
separados,2
til,8
aparentemente,10
suporta,2
caindo,2
situa,38
cansei,3
cupom,2
algo,39
lixoo,2
quantidade,32
correta,19
cinta,6
camera,3
pro,20
conector,2
microfone,3
toner,26
impress,21
comprem,27
cola,12
atrapalha,2
retirar,54
correiosfoi,2
horr,43
atendeu,8
acho,42
devia,5
enviar,53
sempre,96
parcialmente,6
danificado,23
dificuldade,27
vida,13
ligou,11
bolinhas,4
fino,21
realizei,43
recentes,2
achei,61
disso,35
medidas,24
deixo,2
cumprimento,2
ocorreu,25
entretanto,8
diferen,7
branca,12
ilh,4
soltos,5
blackout,3
falsificado,39
manual,27
leve,5
modelos,2
antigos,2
pneus,18
efetuado,7
referente,17
pneu,5
mero,26
codigo,4
rastrear,28
diz,59
entregueal,2
emitir,8
semanas,17
faturada,4
alguma,26
recebimento,36
trabalho,20
baixo,15
cio,13
lados,4
violado,6
usado,30
passa,5
seguran,14
cadeiras,41
cores,26
abrindo,4
responderam,23
chegoun,5
entrou,36
recebido,84
confere,10
chego,13
realizada,24
resolveram,5
reembolsado,6
reenviar,7
aconteceu,77
entender,9
retornaram,9
plafon,2
cristal,2
encaminharam,6
satisfacao,3
praso,3
ficaram,15
casio,14
bate,3
plica,22
cesto,5
poss,34
ess,2
ncias,42
dizendo,54
juntos,14
tentaram,5
hor,6
rios,57
terem,5
deixado,4
comunicado,19
dio,17
inf,2
tentativa,9
gios,12
mensagens,17
respostas,13
fique,5
imprevisto,7
breve,9
toalha,12
preco,2
alto,10
removido,2
resto,5
pressa,2
corresponde,22
led,8
ralos,3
luminarias,4
funcionalidade,3
lumin,39
entregues,56
nadacomprei,5
cad,19
qdo,11
deveriam,25
colocar,27
vei,5
terceiro,3
problem,2
tico,11
aguarda,2
ano,12
novo,28
amanh,4
permitiu,4
diferentes,38
mails,27
confirma,14
dificuldades,8
confirmar,3
confirmado,7
chega,42
homem,4
serve,20
porca,2
dando,18
incompleta,5
atendente,18
solicita,40
mesma,60
aviso,15
ferrei,2
acess,5
arrependimento,5
funcionam,4
entreguea,2
fala,25
culos,6
vdd,2
frente,8
cadeira,58
linda,5
confort,2
devolvidoo,2
realmente,17
creio,7
causa,11
item,72
serem,6
satisfeita,25
aprovada,4
devolvido,15
vencida,2
velha,4
custo,4
pulseira,17
pulseiras,11
informou,14
violada,11
rasgada,11
marcas,8
instala,10
trocaram,6
fazendo,11
comprometimento,9
provid,43
efetuar,33
pedindo,12
pagoo,3
comunicaram,2
negativa,8
prometido,15
objeto,19
manchado,7
pouqu,2
pele,5
testar,8
coloca,10
recebe,17
soubesse,12
indignado,8
dependo,2
atender,7
pessoa,31
ficar,54
ligada,2
frascos,13
resolvida,3
exijo,13
imediata,5
extorno,7
valores,4
efetuamos,2
precisamos,3
preju,18
cumprido,16
documento,2
lido,2
rapido,7
enviei,79
cobre,25
leito,15
estampa,10
cobertores,5
microfibra,4
uns,16
parceiros,32
carregador,29
maior,28
encaixou,7
buraco,2
mera,6
algu,16
espera,37
manta,4
lil,3
odiei,9
acabei,16
joguei,6
lixo,23
profissionalismo,5
jeito,12
atualizou,3
status,71
quadro,14
turma,4
chaves,4
prazos,15
aparecia,2
ocorr,12
demonstra,4
descaso,40
apesar,47
erradas,8
dourado,9
adianta,3
respostaa,3
entra,25
anos,27
capinhas,2
culas,4
quantidades,2
atende,24
tanta,4
aten,25
tremenda,3
vim,13
compromete,2
bolsas,4
maternidade,4
lustres,11
chegaram,47
intermedi,3
atr,19
camisa,3
anivers,15
entendi,10
podem,8
ajudar,8
cumpre,16
determinado,6
realidade,5
borboleta,2
venceu,18
parcela,23
creme,11
transformadores,7
vao,5
contatos,5
partes,16
madeira,13
arranhadas,2
pintura,7
cavaletes,2
pintada,2
amarelo,12
fura,2
arrependida,5
informaram,23
dispon,39
possibilidade,4
muda,6
desfiar,2
longe,8
residencia,12
pagando,15
disponibilizar,2
obrigada,18
verificar,26
andamento,8
visualizei,2
havendo,4
afinal,3
pgto,3
levou,6
transporte,19
divergente,8
mar,13
aainda,2
produtoproduto,19
anunciado,57
compat,24
reconhecido,7
tbm,11
resolu,17
espuma,5
compre,7
trocarem,2
tratava,6
oleo,2
linha,7
deveria,70
vender,22
ninguem,29
desbotado,2
aspecto,7
velho,8
pouca,9
lindo,5
falso,32
shampoo,10
condicionador,3
mandem,2
devolvem,3
expirado,3
voltafiz,2
cancelada,32
resolvam,13
entregarem,11
reembolsada,5
caixas,22
proceder,41
voltao,2
abril,8
utilizar,9
voucher,6
credito,7
todos,62
enrolados,3
sabem,4
prateleira,2
acabou,14
exato,3
senti,13
lesado,9
roxa,6
enviada,12
mini,13
scanner,3
produtoforam,2
cancelando,15
passado,20
contar,7
considero,8
arranhado,11
cumprida,5
otimo,2
considera,12
triste,23
canon,8
similar,13
quisesse,3
pirata,10
recorrer,4
ontem,28
ato,17
recebendo,8
barato,13
avisa,6
local,13
frustra,2
shoptaime,2
averiguar,2
outros,48
completa,11
carrinho,25
bebe,10
conforto,25
americana,21
saiu,18
oakley,3
nome,36
justi,18
play,3
fretes,4
gerado,3
esquina,2
traz,3
sinto,16
enganado,20
ferramentas,2
aplicativo,8
solicitacao,3
aceita,8
kits,42
pinceis,4
pincel,3
recebo,36
enchendo,2
saco,10
deixaram,9
anteced,5
totalizando,2
verdadeira,6
rose,2
descobri,4
bastante,9
copo,4
almofadas,9
almofada,9
niguem,4
ficamos,4
medo,5
chegue,7
limite,7
acabamento,27
neg,7
senhores,8
resolva,11
indispon,29
confio,6
transito,2
cromada,2
parceiras,4
solda,4
solta,10
pacote,26
encontrei,6
aparelhos,8
encomendados,3
provavelmente,5
sujo,8
extremidades,2
banheira,2
mangueira,13
presa,3
fita,9
crepe,2
mostru,4
encomendas,9
cortinas,27
cinza,10
forro,7
not,18
cias,9
vendida,4
atrasada,25
minas,3
pente,5
montado,2
derem,3
tomar,8
justica,2
cetim,4
faltaram,10
vermelha,17
presentear,7
amigo,2
casamento,3
rolos,12
produtofoi,3
comprada,10
juntamente,2
canal,8
fale,3
expectativas,13
anteriores,2
lego,5
movie,2
batman,2
solucionar,7
perguntando,14
dado,16
dinheiroo,2
paulo,10
piores,2
puff,2
cesta,2
tintas,4
banquetas,2
chegado,23
colorida,4
dezembro,10
parcial,4
aguardei,4
teis,18
entregacomprei,4
volume,10
cobertor,6
vende,12
oproduto,2
normal,8
comprein,4
nis,3
pes,3
atualizava,2
passo,11
taxa,5
ativador,4
cachos,4
falaram,22
scara,5
restante,17
demore,3
fechar,12
poliester,4
textura,3
entrado,2
confiando,4
esclarecimento,7
quarta,5
bolsa,17
mesmas,5
aqu,3
urgentemente,4
deixei,6
muitos,17
poderia,21
chato,5
surpresa,14
recusei,4
longo,26
fato,25
ocorrido,27
indico,17
clara,4
tampas,3
fecham,2
encaixa,13
painel,2
comunica,21
claro,16
incorreta,2
azul,42
marinho,5
ultrapassado,3
falando,19
raz,6
baixissima,2
atitude,4
defesa,4
var,6
encaixam,5
ficam,10
folga,2
barriga,3
gancho,2
hdmi,4
vga,2
solicitado,23
vamos,11
greve,21
entregan,7
escrito,10
cobra,4
dobro,4
final,18
fina,8
feia,3
controles,16
remotos,4
komeco,4
elgin,2
tela,26
sai,12
facilidade,3
encaixe,3
gastei,3
nda,2
fim,17
adquirido,17
solicitando,17
colch,11
rasgou,6
registro,2
ricas,6
nico,21
torneira,8
ria,37
pegar,13
mega,5
ligaram,10
possa,6
ansiosa,4
dizer,22
extraviado,3
carga,4
roubada,4
explica,42
felpudas,2
transparente,9
bonita,5
sala,6
arrependi,6
improvisar,2
colocando,2
quatro,20
come,18
capacidade,7
ficha,2
cnica,3
enganosa,36
nichos,3
nicho,2
produtofalta,6
sinais,4
marcado,10
compramos,10
grau,3
forte,6
neto,5
pai,3
imaginava,3
devolv,6
nadao,3
constavam,5
imediato,8
dei,12
estrela,15
trincada,3
coment,16
ltimo,9
burocracia,9
barra,2
prefiro,8
opinar,12
errar,2
programada,3
levei,4
novembro,9
promessa,5
detalhe,7
parcelas,8
motor,3
ventilador,7
afirma,2
necess,6
timo,4
oito,3
meio,13
escuta,2
teto,2
filtro,13
defeitocomprei,2
patins,4
produtopedi,2
venhor,2
perdi,18
vendendo,4
chegava,2
desisti,3
pingente,6
torre,4
automaticamente,3
umproduto,2
encomendei,19
responsabilidade,23
continua,8
disse,29
entrariam,2
naquela,2
saia,7
cheia,4
guardanapo,3
boca,2
anel,2
prato,8
aprovado,10
esperou,2
vencer,3
resultado,8
verdade,30
lentes,13
malha,3
lamentavel,4
retornou,14
iam,2
solicitar,12
reenvio,5
poderiam,8
flor,2
chuva,4
rea,9
considerada,2
funcion,4
bordas,10
desenho,11
queimado,6
tirar,8
pelicula,9
espelho,9
afetou,3
adesivo,17
fixar,2
quebradas,6
impossibilitando,3
montagem,15
quebrada,38
esperar,31
respaldo,3
judicial,2
gerar,5
nfe,2
recusar,2
anunciando,2
licen,2
selo,9
impressa,2
estranho,3
produtoo,20
fones,6
iphone,5
lojista,7
falou,7
verifiquei,6
muitas,4
americas,4
irrespons,6
processo,27
pediram,8
vence,2
incompleto,46
cobrando,9
constando,15
passagem,4
sabia,8
eficiente,3
quebrados,4
embalados,3
barro,2
mouse,8
gamer,4
dpi,2
psulas,12
durex,3
existe,21
avisar,16
constatei,4
alem,10
disto,3
interna,8
ridiculo,3
sabendo,8
sao,7
enganadores,2
negativamente,2
acesso,3
bosta,7
aindao,5
side,2
enganada,14
recarregado,3
entreguen,8
cuidado,16
apontando,2
extenso,6
cloreto,3
magn,9
sio,6
capsulas,3
embalagens,10
distintas,2
restam,2
xito,4
resolve,14
und,6
padr,5
tomadas,4
xima,9
cancelou,13
nus,2
restou,2
alternativa,2
tablet,10
qbex,2
demoraram,6
devolveram,7
barba,4
aparenta,3
desejava,2
skate,11
masculino,4
rasgado,8
edi,3
velcomprei,2
rodas,5
descrito,25
imediatamente,10
informei,4
facas,3
esposa,5
pude,6
coube,2
tanque,2
testei,3
quadros,3
guitarra,2
baix,5
recebiproduto,4
durante,9
entregano,2
mentira,7
contam,2
cloro,2
efetuada,19
desapontado,8
coisas,11
culpa,20
transportadora,38
falsifica,5
acusa,3
palha,6
comprava,2
informo,9
lua,4
falo,4
cnicos,2
instalar,6
par,7
cobraram,8
estendida,2
passados,3
precisando,19
produtomeu,2
ocorrendo,3
recomendosolicito,2
testado,3
sair,6
perdido,7
defeituoso,3
descart,4
pesquisa,2
solteiro,15
algod,9
olhar,2
escolhendo,2
concluir,2
pretendo,4
busc,2
canecas,3
cade,10
consumidora,7
entreguecomprei,9
produtoloja,4
ruimbom,2
numera,3
corrigido,2
ajudem,4
segura,4
correspondem,3
lustre,8
outubro,3
comprovado,3
trinta,7
vidas,5
originalidade,4
adquiri,13
cobrada,3
acordado,2
restitui,5
datas,5
cancele,2
indignada,13
secretaria,2
urgentes,6
sacanagem,4
prateleiras,4
cantos,2
vivo,2
faltam,11
danificar,2
amassadas,4
paga,19
log,4
stica,6
vergonhoso,4
atrasos,5
aro,7
assist,6
parab,2
encaminhei,5
estaria,6
danificadocomprei,2
chamado,10
volto,5
entanto,25
devo,29
entraram,21
guia,3
dupla,5
cinto,2
passei,6
cheiro,9
pensei,11
sint,3
imaginei,10
considerando,3
amigos,2
deixou,23
vendedora,2
entregadora,2
malas,5
mala,6
porqu,9
ajuda,7
boneco,5
tom,5
adas,2
maiso,3
conferir,3
usufruir,2
caracter,3
pedimos,4
separadoproduto,2
beb,30
encerrou,3
camel,5
desses,5
conprei,3
cuba,7
estao,7
prote,16
apoio,3
cartao,10
computador,9
junho,7
dentes,4
black,12
cerdas,3
pretas,4
verdes,3
nessa,37
mercadorias,9
funcionar,17
localizar,2
balm,3
tempos,3
estornaram,7
parafusos,10
iria,17
perto,6
tentar,16
aindan,3
adquirida,2
pote,12
imita,5
caneta,7
torres,2
obtenho,4
possui,11
encher,3
valeu,4
apos,12
grave,2
observei,5
conclus,4
entrada,3
gua,17
conjuntos,4
constar,6
seguida,5
minutos,8
conseguem,3
sentindo,5
levando,2
kdt,2
providencias,7
emitido,4
mto,7
quarto,5
previsto,35
prezados,7
waterpik,2
targaryeni,2
certa,9
friday,4
pipoqueira,3
daquele,5
desagrad,3
comercial,4
nesse,20
odo,5
trabalhando,2
experi,10
comprarei,17
alguns,12
rasgos,2
adesiva,5
colocaram,9
disseram,35
irei,19
corino,2
att,9
estimado,8
fraude,5
metadeo,3
achando,9
aprova,5
recomendaria,27
festa,6
aguarde,4
fun,9
mop,8
spray,4
demorado,11
atualiza,17
responsabilizar,2
parceria,7
fez,19
resolveu,5
ido,3
direito,13
imagens,6
indicarei,4
avisam,4
horas,25
dependendo,4
liquido,2
bege,14
inicial,2
logistica,2
iriam,8
avisaram,9
gel,6
pedidoo,4
voltou,9
desonestidade,2
terceira,6
correr,7
atras,6
seguintes,2
ferros,3
saindo,4
nova,16
encontra,16
esclarecimentos,11
sensores,2
testes,2
corretas,3
produtoainda,5
ando,5
desapontada,6
lannistern,2
rid,8
culo,13
lembra,2
amor,3
melhores,5
tambem,10
resumo,2
recebifiz,3
moto,8
devolvida,2
maisa,2
procurado,2
conex,4
anti,3
divergindo,2
redutor,3
pist,3
atendido,9
questionamento,5
fraco,21
pruduto,2
comentar,4
vizinho,2
completo,29
recibi,3
ficado,3
pag,2
conclu,3
aberto,18
pequenas,4
marcada,4
utilizado,2
panos,9
vier,2
carnaval,2
utiliza,4
devolvendo,4
banco,4
hrs,6
pediu,7
costura,13
desfazendo,2
diversos,2
decorativa,4
suellen,2
metros,8
resolverem,3
acionarei,2
janeiro,19
philco,2
lacrada,9
roubado,9
cumpri,2
los,3
chegoumeu,2
aguardasse,2
entrarem,4
produtoestou,5
aminha,2
pacientemente,2
tulo,6
ali,6
riscado,9
comparei,2
nascer,3
revoltada,4
pessoal,7
laterais,6
desmanchando,3
secador,2
nadaa,2
projeto,2
constava,6
dps,2
escolher,7
escolhi,12
descontente,5
infelicidade,2
sony,7
pessimo,19
presenta,3
furtado,2
plastica,4
lebre,4
agrade,7
integral,2
gasto,3
depositado,2
corrente,5
aceito,5
contr,9
legais,4
tima,7
firme,3
suficiente,3
encapar,2
caderno,3
impresso,4
falhado,2
entregueo,9
apresentava,2
conte,3
ricanas,2
produton,27
port,4
jogou,2
altura,6
abusivo,2
avarias,9
arranh,5
descascado,3
celulares,2
enviam,4
box,8
xale,2
kipling,2
vendeu,16
gaste,2
bandejas,4
rosas,2
gentileza,9
providenciar,3
protetores,2
grelha,2
tentativas,8
colada,3
rasgar,2
plataforma,2
espec,5
universal,5
limpeza,2
obra,4
rola,2
chapinha,3
alterado,2
verde,16
decora,4
registrar,3
queixa,3
reclameaqui,4
informar,31
recebidocomprei,2
bike,2
lesada,7
bateria,18
samsung,12
galaxy,4
vendem,8
tal,8
fornecer,3
maiores,7
fronha,7
cestos,3
seguinte,12
cajon,2
legal,2
organiza,5
shop,3
time,5
vinil,2
dados,8
acessar,4
micros,2
previsao,4
produtoj,4
comentarios,2
penso,3
anterior,8
daria,7
relogios,3
acostumada,4
possivel,9
tapetes,16
disponibilidade,5
faturou,4
gerada,3
optei,6
tis,2
sugiro,3
aquiproduto,2
produtorecebi,8
incluso,3
futebol,2
campo,2
especificado,9
acima,5
futsal,2
totalidade,2
compracomprei,2
credibilidade,8
nacional,3
china,12
postagem,12
piratas,3
veis,20
conseguir,8
cabelo,4
pulso,4
antiga,2
pecas,4
entregueeu,4
mercadoriao,4
informada,10
retirado,4
meros,9
errados,7
reavalio,2
lente,5
quest,13
carteiro,3
assaltado,2
resist,4
procom,2
processar,6
danos,2
usa,3
qualidadeproduto,2
precisava,3
equipamento,7
atenderam,3
desligaram,4
lado,11
gravador,2
voz,3
digital,7
infantil,9
filhos,2
personagem,3
leitor,2
comprou,7
caros,2
receb,9
epson,5
perfeita,5
revoltado,2
app,8
atualizado,4
acompanhar,10
respostacomprei,3
micro,7
sandisk,2
prod,2
paralelo,4
siteproduto,2
danificou,2
pagamos,3
existem,2
empresas,12
geis,3
soltou,5
brincadeira,3
ambas,3
portaria,4
televis,3
omuita,2
mando,4
comparado,2
travesseiros,6
bons,3
expectativa,5
frustrada,4
debitado,5
faturado,9
sob,3
colocam,4
maiscomprei,2
age,2
incompetentes,2
ajuste,4
aind,3
copos,6
fazerem,2
trocas,5
estampas,2
bonitas,3
ilhoes,3
prata,13
cumprir,8
contendo,8
entregado,5
pais,3
perdeu,5
expirou,15
disponivel,4
cheguei,4
anunciaram,3
terminar,2
riscos,2
utilizei,4
riscada,6
temperatura,2
partir,3
vendendor,3
intem,4
olha,9
lannisters,2
lona,3
destinat,5
maria,3
pires,2
arrependido,3
tome,4
reembalado,2
modo,10
perfeito,7
estado,11
falei,3
parar,7
pedia,2
pergunta,6
interesse,5
garrafa,17
formato,4
caveira,2
separadamente,4
entrgue,2
piano,2
bolha,8
sul,2
imposs,14
amostra,2
tubo,3
dizem,8
finas,7
mandaro,2
fonte,6
parede,19
vagabundo,2
bebedouro,3
funko,7
pops,2
carregar,5
tomaram,2
falha,6
conste,2
colar,10
reembolsar,2
alias,3
justamente,3
magazine,2
toners,7
diante,2
solicitamos,2
compromisso,21
sentidos,2
entendo,8
passada,4
rendimento,3
durou,3
maioria,3
utilizo,3
dura,3
desorganiza,2
hist,9
rico,13
receberam,7
pet,5
protudo,3
querer,9
veln,2
voces,14
corta,5
arrumar,4
torta,8
nadan,7
prejudicado,2
rachadura,2
exercer,2
indicaria,4
sedex,8
garfos,2
adquiridos,5
chegarem,2
deformada,2
utens,2
lios,3
pontas,5
tortas,3
term,3
metro,8
insistem,2
clonado,2
zero,16
esfor,2
alegria,2
altamente,2
nadabom,3
pano,5
informe,5
perguntei,4
firma,2
procurar,13
mosqueteiros,2
notas,5
fiscais,2
configura,3
gera,3
antigo,4
lento,2
escolhido,6
prometeram,2
sentido,4
nica,14
aquece,2
chegouo,6
amperagem,3
necessitava,2
oferecida,2
pareceu,4
precisam,2
avisos,3
acompanhando,7
preocupa,7
setembro,2
antecipa,2
chateado,16
viu,3
chateados,2
voltarei,4
sanado,2
parecer,9
confiar,5
entao,6
pac,6
geralmente,2
parecido,5
gosto,8
entrarei,3
excelente,7
compradon,2
acende,3
luz,8
declarar,2
entreganunca,2
divulgar,2
engana,6
largura,4
espessura,3
respons,18
atrasou,10
expans,2
aplicativos,2
gabriela,2
etiqueta,8
frasco,17
externo,6
cora,2
validade,10
voltaria,2
cortador,2
salada,2
possam,2
ganhei,2
curto,3
dever,3
farei,4
receba,3
roupa,2
descascando,4
espadas,2
pagas,2
perderam,4
maneira,6
pida,13
campos,2
preencher,3
recomendoa,2
assunto,5
mem,7
julho,2
retornam,5
desconformidade,2
brancas,3
bisnaga,2
pensava,2
combos,3
balan,11
rasurada,3
administradora,2
camelo,3
celo,2
grade,2
justificando,3
questionei,3
baterias,2
chave,7
especial,2
danificadorecebi,2
produtosem,2
destes,2
confirmou,3
descontou,3
alega,3
crime,2
segue,2
cabiveis,2
custou,4
mudaram,4
devidamente,4
trabalha,2
ouvidoria,3
divulgado,2
oainda,4
prio,5
encontrar,4
oportunidade,4
meras,6
constasse,2
pergunto,2
arara,3
fragil,4
chegasse,5
pensando,19
seguro,2
engano,8
min,5
resolvem,3
comum,7
smart,5
lencol,4
silver,2
tradicional,5
motog,2
platinum,2
sticas,5
aplicada,2
protetora,5
pintado,4
figuras,2
principalmente,5
colado,4
araras,4
boas,3
cabides,3
jogaram,2
virar,2
viol,2
higi,2
cachorro,2
porte,3
costuras,7
espelhos,3
arranhados,3
horror,2
pap,3
solucionem,3
parada,4
equipe,2
emitidao,2
entregaproduto,5
plus,4
cobrir,3
grosseiro,4
enganador,2
marketplace,4
shopping,3
deixam,2
ofereceu,5
avisando,11
rmica,6
descrita,2
cer,2
pedidocomprei,3
cal,5
ado,8
desconfiada,2
resolvi,4
novas,3
requeiro,2
momentoainda,2
completou,2
chegoucomprei,10
normalmente,2
colchas,5
embrulhado,4
ficando,3
dor,7
dao,5
obrigadacomprei,2
seis,4
insuport,2
adesivos,4
latas,2
podiam,2
esmerilhadeira,2
pentes,3
ada,4
busca,3
possuem,3
bancaria,2
tira,3
resumindo,6
produtoacho,2
incompet,3
extrema,5
jogar,4
indisponibilidade,5
encosto,10
disponibiliza,5
consulta,2
medida,9
memoria,3
agradou,3
centro,9
redor,2
acompanha,6
contando,6
originais,14
instal,2
parecendo,10
usada,2
condom,4
ltimas,2
roupinha,3
sapatinhos,2
unic,2
distribui,4
quinta,3
vencimento,3
furo,3
poderei,3
indisponivel,3
acento,3
assento,8
rolo,7
oferece,5
obrigadan,3
notebook,7
canais,3
tel,4
caf,2
retornoproduto,4
carta,3
borboletas,2
cha,2
natural,2
contem,3
atendem,6
cara,9
parafuso,5
recebesse,2
negativo,2
lojaa,2
traseiro,2
ultimas,2
terr,3
aindacomprei,4
terminou,2
lixeira,4
anunciam,6
tamanha,4
ruins,2
ola,5
banho,5
laranja,5
caras,2
possu,6
autom,6
perguntar,5
contatar,5
saite,2
produtonao,6
correspondeu,5
antena,2
quite,2
litros,8
pen,2
drive,3
deo,3
real,4
reclamacao,4
vinho,4
voltacomprei,3
recebero,3
flash,2
extens,2
paraguai,2
categoria,3
soltas,2
assistida,2
classificar,2
reclamando,9
bela,2
ocasionou,3
destru,3
refer,2
canela,3
dificulta,2
ressarcido,7
viajar,2
retornei,3
chegaro,2
volts,2
trocaproduto,2
localiza,2
comprovando,2
defeitoo,2
piada,2
botox,3
hidrata,4
tiraram,2
completando,2
exatamente,6
descumprimento,2
nap,3
prodito,2
hojea,2
molhada,3
procurei,3
ruimn,2
estabelecido,5
gosteio,2
aproximadamente,2
fujam,2
mascara,3
agosto,4
saberia,2
profissional,6
urso,4
energia,6
dividida,2
feedback,5
soltando,5
ligo,6
veja,5
falto,4
alarme,3
agua,2
cozimento,2
xbox,3
camisas,3
continuou,2
nen,3
atualizaram,2
pagina,4
toa,3
rede,11
dormir,2
devidas,6
apareceu,10
trocao,2
numeros,3
bilhete,2
recebirecebi,4
bal,2
soco,2
inadmiss,2
quebrar,2
emitiram,6
caminho,5
procuro,2
tens,6
trabalham,3
games,2
quebradoo,2
fazia,3
comunicada,2
inc,3
estragado,3
aonde,12
fatos,2
falava,4
livros,4
outron,4
acrilico,2
vazamento,2
inmetro,3
bonecos,5
claramente,6
falsificados,5
compativel,3
pesquisar,3
justo,3
carros,3
imprimir,3
sobrinho,3
cortar,3
touca,2
peoduto,2
regulariza,2
faturados,3
quiser,3
momentoo,2
entregador,8
confer,3
insatisfa,11
telefones,3
mudo,2
churrasqueira,3
avaliarei,2
anteseu,2
lol,2
luminoso,2
gico,2
rem,9
ctt,2
empresao,2
respondida,7
atendida,7
qto,3
irresponsabilidade,3
neas,2
componentes,5
entregaat,2
tratar,3
despacho,2
retornar,9
dada,10
deviam,2
confiei,6
bloqueado,4
arma,6
prestam,3
parcerias,6
agilidade,4
cel,2
dinheirocomprei,2
estourada,2
ridicula,2
motivos,3
vindo,10
ideia,2
aff,4
profundamente,3
identifica,4
entregaria,4
assinatura,4
gerou,2
apresentada,3
design,2
perna,2
gui,2
coqueteleira,2
justificar,3
fornecedores,3
blend,2
onem,2
aniversario,2
juliana,2
escrevi,4
passando,4
girat,3
avi,3
marrom,7
canivete,3
desistir,2
procuraram,2
retornon,3
atualizacao,2
respondido,6
prezado,2
eletr,7
uteis,8
barulho,4
comunicar,8
rever,2
juntas,4
brinquedo,9
contratar,3
complicado,4
ressarcida,4
incr,2
pare,2
soltado,2
evolu,2
dinheiroainda,2
anda,4
estojo,5
voyage,2
veiculo,2
detectou,2
indicava,2
cumprem,5
nele,4
mexer,2
entrando,8
cair,2
bolo,3
firmeza,2
grata,4
pin,3
numero,6
dese,2
vis,2
sofa,3
anteriormente,2
pessoalmente,2
publicidade,2
entro,10
atrazo,3
car,6
efeito,6
usaram,2
comercializado,2
perda,4
gen,6
qualidadeo,2
placa,10
causando,4
fabricante,11
alice,2
fabrica,10
sling,3
poltronas,2
devolvern,5
nimo,10
tica,10
consumidores,2
mandamos,2
obtivemos,4
lote,5
preocupado,5
colocarem,2
mole,4
riscadas,2
apar,6
transformador,2
explicando,5
termostato,2
fam,4
lia,5
prime,4
consequentemente,2
trocado,11
acerca,4
informassem,2
protocolos,5
abertos,2
soltar,2
sobrinha,4
papai,2
noel,2
home,2
theater,2
vencido,4
produtoeu,4
parou,11
reposta,3
fizemos,3
inicio,3
padrao,2
escovas,3
coloridas,2
amazon,2
suportes,8
bicicleta,4
cancelam,3
menores,4
esteira,3
horrores,2
cai,3
pronta,2
viria,6
autorizado,4
diverg,5
acompanhado,3
lava,4
desdo,2
interior,2
defeitorecebi,2
tonner,7
insastifeito,2
reciclado,3
corpo,2
rachado,4
emitiu,4
notificado,3
marron,2
capacete,6
isopor,2
lixeiras,2
combinada,2
tirei,3
retornocomprei,3
embalada,2
ajude,3
contratempos,2
propria,2
sorte,3
ciano,3
entreguenao,2
peguei,2
diascomprei,2
ambos,4
enviados,6
terceiros,4
lojanao,2
fritadeira,3
trica,5
teste,3
proteger,2
atingiu,2
carteira,8
querendo,5
tomarei,6
encomendado,3
merda,7
nato,2
comprando,6
faixa,3
esquerdo,3
direita,3
apaga,3
ingl,4
chin,6
redmi,5
note,9
incompat,5
fortes,2
sites,5
recebiainda,5
barbante,2
individuais,3
grosso,3
chip,3
saida,2
estornado,6
geral,4
cobran,9
produtoinfelizmente,2
frontal,2
bag,2
visualiza,3
verifiquem,5
devolvam,3
estragou,2
preso,7
ultrabook,2
mamadeiras,3
questionando,4
ponteiro,2
trabalhar,5
tonners,2
riscados,2
carca,2
beleza,3
lugares,3
vazado,2
suja,5
dourada,6
contas,3
ligando,4
produtodemora,3
line,5
peco,3
ultra,2
vers,5
exposi,3
recebida,4
aindaproduto,3
ibitinga,2
entregaboa,2
entrem,2
faca,4
bua,2
entregara,3
vendo,2
tava,4
agendado,2
conhecida,2
cyan,2
serie,4
pilhas,4
encardida,3
acontecido,18
peca,2
monta,2
respondidos,2
recomento,5
enrola,3
acabando,2
bil,4
rapidez,4
mostrou,6
irritada,4
estragada,2
trocan,5
ferrugem,2
aparecer,4
piorar,6
tomou,2
cuidados,2
avia,2
acompanhou,2
whey,14
agr,3
sico,2
pede,6
resolvemos,2
pega,5
providencia,2
amei,2
grandes,3
depende,2
extornado,2
ber,4
imperme,4
estornar,5
enviando,5
comprao,3
basta,3
vontade,3
prestado,2
temperado,2
avalio,3
escura,4
raiva,2
acabar,3
recebia,2
levam,2
satisfat,6
composi,8
chegam,3
adorei,4
ansiosamente,2
canetas,3
trip,2
trava,2
porteiro,2
tratando,3
panfleto,2
enganar,4
mdf,2
percal,2
mandado,3
exposto,2
naon,2
falcon,2
lancheira,6
permitir,2
mudar,4
vendedorn,2
contaton,2
manchas,6
descreve,5
explicar,9
proconrealizei,2
mande,2
redu,2
alicate,2
fusor,2
aguardandocomprei,2
matizador,2
antenas,2
bandeja,2
gira,2
busquei,2
prestar,2
aceitaram,2
vejo,3
forth,3
pedidas,2
dava,7
hulk,2
duvidoso,2
talvez,6
telefonema,4
solicitada,3
corre,2
dermacol,4
recipiente,3
redondo,2
molhado,3
produt,2
lan,3
extrapolou,3
confirmo,3
retirei,3
finalizado,3
sede,3
soube,3
atrasar,4
precisou,2
proteina,3
isolada,2
concentrada,2
motorola,4
custa,5
usava,2
dificultando,2
progressiva,7
atrasaram,4
compran,2
maleta,5
invez,2
solto,7
origem,6
faltante,5
deepcool,2
abaixo,5
pol,5
rosca,2
rebarbas,2
tercerizada,2
respondam,2
mancha,2
perdendo,3
trouxe,2
recomendon,3
dou,4
estrelas,2
anunciada,4
ficava,2
tratamento,3
interessante,3
contado,5
adulto,3
avisado,4
capacho,3
amos,3
remessa,4
livro,13
constrangimento,3
marcando,3
veiocomprei,2
recife,2
converg,2
incorreto,7
protein,5
consultar,2
entendendo,5
haviam,5
gigante,2
oferta,6
poucas,2
necessidades,3
praticamente,4
facil,2
adquirir,4
rosto,2
lojinhas,3
restantes,5
apresentado,5
quiseram,2
dificil,3
portas,5
saias,7
rasgados,3
obs,7
enrolado,7
assinado,2
duros,2
puffs,2
lastim,2
lamento,2
pia,3
produtosn,2
assinei,6
viriam,2
separadas,3
oos,2
alegam,2
falsos,3
descrever,2
pedidoainda,2
entreguem,5
mundo,2
alegando,7
lavar,3
bairro,2
capital,2
fios,5
chaleira,3
cadastro,4
mamadeira,2
separa,2
preparado,2
efetuou,2
queriam,2
ligam,3
mil,3
defeiton,2
perceber,2
entrga,2
etc,4
ignorado,3
lvulas,4
solen,2
ides,3
roscas,2
bsp,2
npt,2
descompromissada,2
finalizar,2
muitomeu,2
estourou,2
resolvidocomprei,2
completos,2
acondicionado,2
demorasse,2
unaro,2
alguem,5
pensar,5
manusear,2
paran,2
lojan,2
oes,7
comunicam,2
velas,3
previa,2
resta,2
ficarei,2
faixas,2
jeep,2
acham,2
voltan,2
caminh,5
encerra,2
quadrados,2
ofiz,3
babo,2
conhe,3
rmula,5
figura,2
mostrada,5
mencionado,2
power,2
usarei,2
quadradas,2
umcomprei,2
ching,2
ling,3
integralmente,2
produtoat,2
parecia,9
garrafas,5
tomem,4
particular,2
efetivar,3
deficiente,2
lavadora,3
paralela,2
cab,3
devolverei,4
combo,3
perguntaram,2
ursinhos,3
cliquei,2
posto,5
gravida,2
ligue,2
quebradoproduto,2
devolva,5
dinheiron,2
reposi,5
deslocar,2
modeladora,2
abdominal,2
shape,2
conter,3
caminhoneiros,9
funcionacomprei,2
ignoraram,3
nessas,2
doce,2
cnpj,2
cascata,4
fecha,3
manuseio,4
suplementos,2
inadequada,4
orelha,2
retornarem,2
entregaa,2
sujeira,2
nadarecebi,2
carregamento,2
erradon,2
invicta,4
diver,2
compraa,2
relatar,3
shampoos,2
seco,2
tinhas,2
pudesse,4
voltar,4
silicone,3
bolso,2
feliz,4
obriga,5
ultrapassou,3
arranhada,3
encaixes,2
curitiba,2
distribuidor,2
prazoo,4
premium,2
stand,2
baseus,2
luva,4
toca,2
recebei,2
puder,3
cheira,3
lcool,2
cian,2
unid,3
vara,3
estante,2
cortado,2
aprovar,2
kraken,2
cobrou,2
recebio,2
desistindo,2
vendedorrecebi,2
euro,2
safari,2
auxiliar,2
bilhar,2
falhas,2
amore,2
lacqua,2
fiori,2
atualizar,2
ruimproduto,2
postei,2
composto,3
voltando,2
quaisquer,3
ganchos,2
salvador,4
enrolando,2
duplo,3
voce,2
outroo,2
aus,3
induz,2
bracelete,3
ocupado,3
aquario,2
tipos,3
evitar,8
transtornos,5
ligamos,2
mesmocomprei,2
classe,2
card,2
desconfio,2
cartas,2
escrita,3
lou,4
gon,3
alo,3
utilidade,2
serviu,4
razer,2
fizerao,3
americano,5
acidente,2
abre,3
vendanao,2
deskjet,3
disponibilizam,2
podre,2
teclado,5
postou,2
spera,4
estipulada,3
autenticidade,3
contento,2
mantem,2
gerando,3
escolha,2
realizou,2
prometida,2
positivamente,2
acomprei,2
entregaloja,2
commerce,3
comprador,7
pague,3
creatina,7
roxo,2
liliane,2
zap,3
retido,2
munic,2
pio,3
aquisi,3
perca,2
roupas,6
faltado,2
discriminado,2
frustrado,4
isolado,2
anunciou,2
devolverem,2
unico,4
stima,2
mostram,2
contrario,2
enviariam,2
comuniquei,2
estornorecebi,2
esquerda,2
maquiagem,5
presta,7
amargamente,2
bluetooth,2
musica,2
fronhas,4
agencia,2
plug,2
lanterna,3
embalaram,4
fechado,2
daquelas,2
fruteira,3
irm,2
pedacinho,2
lactose,2
consumo,2
recibo,2
considerar,2
pontos,2
ferro,3
ofereceram,2
inox,5
uman,2
opera,2
cobrei,2
estando,3
desist,3
impossibilita,3
made,2
descolou,2
amarela,3
realizo,2
sanit,2
duro,2
potinho,2
revlon,5
erradouma,2
orientado,2
puto,3
cuja,2
vintage,2
targaryenj,2
desculpa,3
reclamo,4
transportado,2
ngm,3
amaciante,2
trico,4
compradocomprei,2
comunicando,2
conectar,4
queimou,3
regi,3
litro,2
duvidosa,5
atividades,2
face,2
prazoproduto,2
adequado,2
mpada,3
provar,2
vencendo,4
abriu,2
turbo,6
receberia,2
acompanhamento,5
avisou,3
ajuizar,2
decorativos,2
verificasse,2
psula,2
met,2
selos,2
quente,3
dimalato,3
imprimiu,2
funcionava,2
produtocancelei,2
luminaria,2
poli,2
ster,2
estranha,4
xperia,3
contatoproduto,2
hello,3
kitty,3
apresentar,2
semelhante,3
mecanismos,2
itap,2
livrinho,2
agoraeu,2
estetoscopio,2
pipoca,2
honda,2
recedi,2
nutricional,2
recomenda,3
bcomprei,2
impressionante,2
sinceramente,3
entreguemeu,3
prancha,2
felpuda,3
camada,2
oficial,2
barata,3
verdadeiro,6
atrasando,2
pura,3
produtoesperava,2
refis,2
arroz,2
sozinha,2
obrigadoa,2
deus,2
troquem,2
trenzinho,2
trator,2
reavaliar,3
detalhado,2
cofres,2
chuveiro,2
finalizei,2
elastico,3
confus,2
ouve,3
descamando,2
conferem,3
mantas,6
exigir,2
comprido,2
fila,2
cpu,2
naoestou,2
asus,2
zenfone,3
selfie,2
bomba,3
tou,2
disponibilizado,2
lorenzetti,2
custar,3
educa,3
entregueainda,2
excessivo,3
despachado,4
mudan,2
distintos,2
nespresso,2
urgenteo,2
aguento,2
vendidos,2
facilmente,2
nfiscal,2
outrocomprei,2
estelionato,2
pos,2
encontro,2
costas,3
mostrando,3
desproporcional,2
redes,3
sociais,3
acabada,3
pop,2
organizadoras,3
marfim,2
deseja,2
rolamento,2
moer,2
carne,2
carenagem,3
processaras,2
onerando,2
excessiva,2
umn,3
corrompido,2
virtual,4
banheiro,6
aguenta,2
aparador,4
certinho,4
cacos,2
transportador,2
ssola,2
ansioso,2
savana,2
fragr,2
principal,3
marmita,2
positivo,3
navalhete,2
supostamente,2
nehuma,2
leva,2
crer,2
alimenta,2
vitamina,2
sauna,2
cds,3
podendo,2
rodinhas,3
entregando,2
prop,2
fortaleza,2
bases,2
guarda,3
carinho,2
pillow,2
moringa,2
pronto,2
ultimamente,2
notei,2
pernas,4
disp,3
possamos,2
avaliarn,2
roda,2
porto,2
alegre,2
gramatura,2
entega,3
acreditando,2
goste,3
pratos,3
imetro,2
falsificada,2
admiro,2
lascado,2
conseguindorecebi,2
gaveteiro,2
nadaestou,2
placas,3
bwg,2
bwl,2
naipes,2
bivolt,2
cafeteira,2
escrevendo,2
responsabiliza,2
rapid,2
recuperar,3
importante,2
agente,2
secret,2
bandeira,2
veda,2
traviceiro,2
trios,2
mts,3
net,2
teclas,2
apertar,2
relatando,3
macaco,2
lembrando,3
gigas,2
compet,3
ponto,4
sabemos,2
tamanhos,2
rca,2
entregascomprei,2
reenviado,2
seca,5
entregaeu,2
cumprindo,3
sitea,2
ocasi,2
pedidoproduto,2
ilustrado,2
ilustra,3
quais,2
despachar,2
chegavam,2
paralama,2
farol,3
curso,2
comp,2
shptime,2
estrutura,4
glutaminas,2
reputa,2
amperes,3
programado,2
furado,2
usando,2
pis,2
postagens,2
lateral,3
contactar,4
comecei,2
comodidade,2
metragem,3
trincado,2
algodao,3
oentregaram,2
manifestou,2
melhorem,2
caiu,3
retornaou,2
incorretamente,3
aguardandoo,2
produro,3
conectores,2
dessas,2
extravio,2
conosco,2
vinculada,2
produtop,2
desfez,2
posicao,2
esclarecer,4
comporta,2
conceituada,3
rui,3
encaminhar,2
poca,2
floren,2
entregariam,2
fragancia,2
lugarn,2
longa,2
constatado,2
daqui,2
lampadas,2
ssimas,2
ultimo,2
ligado,2
notifiquei,2
acreditar,2
pios,2
informacoes,2
realizarem,2
positivas,4
hipermetropia,4
miopia,2
resp,2
rastreabilidade,2
avaliei,2
simparic,2
comprimidos,3
desgastes,2
golpistas,2
elefante,3
segurar,2
fariam,2
intens,2
alteraram,2
confuso,2
pendrive,2
sen,2
muuuuito,2
chuveirinho,2
prec,2
chaveiro,2
marido,2
escorredor,2
mairibel,2
mac,2
cod,4
correiocomprei,2
recondicionado,2
junta,2
pregadores,2
vassoura,2
retira,2
respostao,2
slim,2
life,2
camu,2
guaran,2
palito,2
hemo,2
rage,2
